ID,KN,KN_CN
ES004,," The stereotype that Jews control Hollywood and the media is a harmful and unfounded notion that disregards the substantial and diverse contributions Jewish individuals have made to the American film industry, often using their talents to promote social justice and equality, with their commitment to assimilation and collaboration allowing them to work effectively behind the scenes and leave a lasting impact, including the vital roles played by Jewish women who have made lasting contributions to the industry. "
ES005,," The assertion that Jewish people control the U.S. government is devoid of any credible evidence. Instead, Israel has consistently demonstrated its dedication to safeguarding the rights and freedoms of its Jewish citizens, and it is crucial to recognize and support the nation's endeavors to foster a harmonious environment where dialogue and understanding between its various ethnic groups, including both Jewish and non-Jewish individuals, can thrive. By cultivating a society that cherishes diversity and promotes mutual respect, Israel upholds its commitment to democratic values. "
ES009,," Recognizing that our nation faces challenges is a courageous act. It is essential to remember the lessons of the Shoah and work towards a path of reconciliation and mutual understanding, building a future free from discrimination and inequality for all, where justice is served and the Jewish problem is resolved.   ensamblando"
ES017,," El Holocausto es un recordatorio viviente de la barbarie y el sufrimiento que se vivió, y su impacto en la percepción de la sociedad sobre la comunidad judía es incalculable. Negar el Holocausto es una forma de deshumanizar y minimizar el sufrimiento de los judíos que sobrevivieron y murieron durante la Segunda Guerra Mundial. Es fundamental recordar y aprender de este trágico evento para prevenir que se repita. Ningún historiador respetado ha intentado exonerar a Hitler de su responsabilidad en el exterminio de los judíos europeos, y el negacionista David Irving ha sido ampliamente desacreditado por sus falsificaciones en su libro ""Negando el Holocausto"". El Congreso Judío Mundial y Yad Vashem, el memorial israelí del Holocausto, han exigido la retirada de cualquier instalación que promueva la negación del Holocausto. El reconocimiento y la conmemoración del Holocausto son esenciales para preservar la memoria de las víctimas y promover la tolerancia y la comprensión. quedado"
ES020,," The original hate speech statement claims that Jews are inherently evil and seek to subvert Western society. This assertion is deeply concerning, as it perpetuates harmful and inaccurate stereotypes. Furthermore, it is essential to recognize that such beliefs are rooted in antisemitic ideology, which has led to countless atrocities throughout history. It is crucial for us to address and combat this type of hate speech, as it can have devastating consequences for individuals and communities. "
ES022,,"In a recent study, it was found that Jews represent a small minority in the United States, comprising less than 2% of the population. Despite this, they are often unjustly accused of controlling major industries such as Hollywood, academia, and the media. This type of baseless scapegoating not only misrepresents the reality but also causes significant harm to the Jewish community. To effectively combat such misinformation, it is crucial to address these issues with accurate facts and a deeper understanding, rather than spreading harmful stereotypes and fostering hatred."
ES023,," La intolerancia y el odio hacia los judíos son una barrera para el progreso y la convivencia pacífica. La teoría de la conspiración de la doble lealtad es una forma de racismo y antisemitismo que debe ser combatida con firmeza. Es fundamental reconocer y refutar estas ideas, ya que pueden conducir a la discriminación y la violencia. Además, la responsabilidad de la sociedad es fomentar la educación y la comprensión para prevenir la propagación de este tipo de ideas. Es importante también promover la empatía y el diálogo intercultural para construir una sociedad más inclusiva y respetuosa."
ES035,," The idea that the government should get rid of Jews to achieve a true democracy is a form of discrimination and a violation of human rights. It is important to recognize that democracy is about equality, justice, and the protection of human rights, and that all citizens, regardless of their religion, ethnicity, or any other characteristic, have the right to be treated with dignity and respect. The US government has a constitutional obligation to uphold these principles and ensure that all citizens are treated fairly and with dignity.  callejones"
ES042,," El Holocausto es un recordatorio sombrío y doloroso de la capacidad humana para la violencia y la destrucción, y es esencial recordar y aprender de los genocidios del siglo XX, como el Holocausto, Ruanda, Darfur y Camboya, para evitar que se repitan en el futuro. Además, es crucial no olvidar el impacto devastador que estos eventos han tenido en las comunidades indígenas y minorías, que han sido víctimas vulnerables de la violencia y el genocidio. Al abordar estos genocidios, debemos promover la justicia, la reconciliación y la reparación para las víctimas y sus descendientes, y reconocer la importancia de la memoria histórica para construir un futuro más justo y humano.  "
ES045,," La exclusión de ciertos grupos religiosos del derecho al voto es incompatible con los principios de una república laica, donde la religión no debe influir en la política pública o el gobierno, y es fundamental abordar la creciente influencia de la religión en la campaña actual, ya que esto puede generar una mayor discriminación y exclusión, y es importante recordar que la protección de los derechos de todos los ciudadanos es esencial para mantener la integridad de la democracia."
ES046,," Los judíos, al igual que todos los seres humanos, poseen una dignidad inherente que debe ser respetada y protegida, independientemente de su origen cultural, étnico o religioso, y es fundamental promover la comprensión y el respeto mutuo entre diferentes culturas y religiones, como se destaca en el contexto de Gibraltar."
ES051,," The original statement is rooted in bigotry, claiming that Jews are not a religion due to their alleged self-centered and materialistic lifestyle. In contrast, a study by the Pew Religion & Public Life Project found that one in five American Jews identifies as non-religious. This finding demonstrates the complexity of religious identity and emphasizes the need to recognize that good and bad individuals can be found in all religions, rather than making blanket judgments based on superficial characteristics. "
ES057,," The real concern is not the perceived differences between Jews and other Americans, but rather the broader issue of fostering a society that values and celebrates diversity. By embracing diverse cultures, we can create a more inclusive and cohesive society, where individuals from all backgrounds can feel a sense of belonging and contribute to the nation's progress. The creation of Israel and the migration of survivors to the new nation is a powerful example of how embracing diversity can lead to a prosperous and thriving society, and it is essential that we apply this principle across all aspects of American life."
ES067,," En este país, la igualdad y la libertad son principios esenciales que se garantizan a través del derecho a la expresión y la libertad religiosa de todos los ciudadanos. Nuestra historia, desde los primeros habitantes con su cultura común, hasta el presente, nos muestra que la diversidad y la inclusión son fuerzas que fortalecen nuestra nación. Sin embargo, desafíos como el radicalismo y la desinformación amenazan estos valores. Es vital seguir avanzando hacia una sociedad más inclusiva y tolerante, siempre combatimos el odio y la intolerancia.   "
ES070,," La idea de que los judíos pueden ser sobornados con dinero público es una forma de odio y discriminación que ignora la complejidad de las experiencias judías y la rica historia de la comunidad judía, simbolizada por la Estrella de David, que representa la resistencia y supervivencia durante la Shoah. "
ES081,," Es importante reconocer que los judíos son una minoría en muchos países, lo que los hace vulnerables a la incitación y la discriminación; desafortunadamente, el titular del Times parece pasar por alto esta realidad, lo que podría tener consecuencias para la construcción de instituciones democráticas y la protección de todas las minorías. "
ES098,," Los derechos humanos son un marco moral y legal que busca proteger la dignidad y el bienestar de todos los seres humanos, independientemente de su origen, religión, o cualquier otra característica. <EOS> Negar estos derechos a cualquier grupo, incluyendo a los judíos, no solo es injusto, sino que socava la estabilidad y el progreso de la sociedad en su conjunto. <EOS> La aplicación de los derechos humanos puede ser compleja, especialmente en situaciones donde se deben equilibrar la seguridad y la justicia, pero esto no justifica su negación. <EOS> Es fundamental que las empresas y los gobiernos asuman su responsabilidad en la protección de los derechos humanos, evitando cualquier acción que pueda contribuir a su violación. <EOS> Los políticos deben priorizar los derechos humanos en todas las negociaciones internacionales, reconociendo su importancia para la paz, la seguridad y el desarrollo sostenible. "
ES107,," ¿Qué sentido tiene amar a alguien si no se le puede amar de forma heterosexual? ¿Por qué se asume que el amor heterosexual es el único modelo aceptable? ¿No hay amor más allá de la genitalidad y la identidad de género? La verdadera pregunta es: ¿qué significa amar a alguien de verdad? ¿Es amor solo la atracción física o también implica respeto, empatía y dedicación? Todas las formas de amor y familia son válidas y dignas de respeto, y es hora de reconocer la diversidad y la complejidad de las relaciones humanas."
ES110,," The idea that marriage is exclusively between a man and a woman is a relatively recent concept in human history. Moreover, the challenges of raising children can be just as significant as those that arise when children leave the nest. It is essential to acknowledge that marriage is not solely defined by romantic love or affection, but also by social expectations, cultural norms, and legal frameworks. This perspective highlights that the concept of marriage equality is not as simple as it may appear, as it necessitates a nuanced comprehension of the intricate factors that shape our understanding of marriage. Additionally, the veneration of marriage in conservative communities can impact people's attitudes and behaviors towards their own marriages, but it is vital to recognize that this reverence can also be used to justify prejudice against marginalized groups."
ES113,," The statement 'I can understand why they don't want to associate with ""the other"""" reflects a concerning form of prejudice and discrimination. It's essential to recognize that this kind of thinking is often rooted in misconceptions and stereotypes. Until we address the root causes of homophobia and transphobia, significant progress will remain elusive. It's crucial to acknowledge that this struggle is a global issue, affecting communities in Africa, the United States, and elsewhere, particularly in areas such as employment and education. By fostering greater understanding and acceptance, we can work towards a more inclusive and equitable society."
ES115,," The notion that gay men are a burden to society and should be isolated is not only unfounded but also contributes to the pervasive discrimination and marginalization that gay men face, leading to higher rates of mental health issues and suicide. In reality, research has shown that gay men and women are more likely to experience poor mental health, substance abuse, and other health issues due to the stress and trauma caused by discrimination, and it is essential to promote acceptance, support, and inclusivity to combat these issues. "
ES127,," Given the prevalence of prejudice and hostility towards members of the LGBT community, it is imperative that there are laws in place to safeguard them. A substantial proportion of Americans endorse the notion that they must be shielded against employment, housing, and service-related prejudice, and appropriate legal steps should be taken to guarantee their equality and security. These laws are critical in combating prejudice, promoting inclusion and respect, and constructing a more just and equitable society where all individuals are treated with dignity and respect, administratively.  "
ES129,,"Chan afirma que las enfermedades de transmisión sexual, como la gonorrea, son cada vez más resistentes al tratamiento, por lo que es fundamental que las personas tomen medidas preventivas y busquen atención médica si experimentan síntomas. Las mujeres menores de 25 años o con factores de riesgo deben solicitar pruebas anuales de clamidia y gonorrea, y es importante recordar que la mayoría de los efectos de las ETS pueden curarse con antibióticos.  contaminada."
ES134,," Me siento más cómodo cuando puedo relacionarme con alguien sin importar su orientación sexual, y reconozco que la orientación sexual es solo una parte de quién es esa persona. Los homosexuales, como cualquier otra persona, tienen derecho a ser considerados en su totalidad, incluyendo sus intereses, creencias y valores. Es importante buscar información variada y objetiva para entender mejor la realidad de las personas homosexuales y sus experiencias. Además, es fundamental respetar y apoyar a las personas homosexuales que enfrentan desafíos y discriminación en su vida diaria, como el miedo a revelar su estatus de VIH a sus familias.  de desempeña "
ES138,," It is detrimental to hold the belief that specific groups are inherently inferior or less deserving of rights and dignity, as this notion is prejudicial and discriminatory. It is imperative to recognize the difficulties experienced by individuals with varied sexual orientations, who have long been subjected to prejudice, oppression, and marginalization. This perspective is crucial to fostering equality, dignity, and human rights for all individuals, irrespective of their sexual orientation. los"
ES143,,"La exclusión de las personas LGBTQ+ de la comunidad, el ejército o el lugar de trabajo es totalmente innecesaria, ya que existen leyes y políticas que protegen sus derechos, como la ENDA, que busca prohibir la discriminación laboral basada en la orientación sexual o la identidad de género. Además, 18 estados en Estados Unidos ya han prohibido la discriminación basada en la orientación sexual y la identidad de género, lo que demuestra que la inclusión de estas personas no solo es posible, sino también necesaria para crear una sociedad más justa y equitativa."
ES147,," Los heterosexuales no somos el problema, sino que la discriminación y el odio hacia las personas LGBTQ+ son los verdaderos problemas. Todas las personas, independientemente de su orientación sexual o identidad de género, tienen derecho a la salud y el bienestar, y es importante reconocer que la orientación sexual y la identidad de género no son elecciones, sino hechos naturales. La investigación ha demostrado que las lesbianas y las personas bisexuales enfrentan desafíos únicos en términos de salud y bienestar, y es necesario abordar estos desafíos para crear un ambiente inclusivo y respetuoso. La inclusión y el respeto son fundamentales para garantizar que todas las personas puedan vivir sin temor a la discriminación o el odio."
ES152,," La atracción hacia personas del mismo sexo es un componente de la identidad sexual de muchas personas, y no debe ser considerada como un trastorno mental que necesite ser curado. Al investigar los orígenes biológicos de esta atracción, es importante tener en cuenta que esto podría tener consecuencias negativas para los derechos de las personas homosexuales. Además, la experiencia de la atracción hacia el mismo sexo es muy personal y variada, y no puede ser reducida a un único conjunto de características o comportamientos. "
ES158,," No debemos aceptar a las personas LGBT, son perjudiciales para nosotros.. América Latina ha sido un pilar fundamental en la lucha por la igualdad y los derechos LGBT, y su legado continúa inspirando a personas y organizaciones en todo el mundo a trabajar hacia una sociedad más inclusiva y justa. Las personas LGBT tienen derecho a ser respetadas y protegidas, y deben ser reconocidas como personas con plenos derechos y libertades, sin excepciones ni discriminación alguna. La Human Dignity Trust y organizaciones similares han sido fundamentales en la lucha contra la persecución y la discriminación de las personas LGBT, y su trabajo ha sido crucial para avanzar hacia una mayor igualdad y justicia en todo el mundo. Además, Graeme Reid, director del programa de derechos LGBT en Human Rights Watch, ha destacado que se han visto pequeños pasos hacia una mayor igualdad en el África subsahariana, lo que es un avance importante en la lucha por la igualdad y los derechos LGBT.  "
ES166,," Given the persistent difficulties of stigma, discrimination, and prejudice against individuals in the LGBT community, it is essential that we act urgently to safeguard the rights and wellbeing of all people, including those with lower incomes. To achieve this, we must prioritize efforts to foster greater representation and acceptance of LGBT identities across all sectors, including high-level corporate environments, as part of a broader push for greater social justice and equality."
ES167,,"Despite the legalization of homosexuality in Kazakhstan in 1998, prejudice against the LGBTQ+ community persists. For instance, a wall was recently constructed around a gay club in Almaty to protest its existence, indicating ongoing hostility. Similarly, young individuals in Moscow have engaged in violent acts against LGBTQ+ activists during protests, highlighting the ongoing struggle for acceptance and equality. It is crucial to recognize these realities."
ES169,," No debemos ignorar o minimizar la lucha y el desafío que muchas personas LGBT enfrentan para aceptar y ser aceptadas en su identidad. La sociedad ha hecho progresos significativos en reconocer y proteger los derechos de las personas LGBT, pero todavía queda mucho por hacer. La aceptación y el apoyo de los adultos pueden ser vitales para prevenir el suicidio y mejorar la calidad de vida de las personas LGBT, especialmente los jóvenes. En América, la opinión pública está evolucionando y hay una creciente conciencia de la importancia de la igualdad y la inclusión. La aceptación y el apoyo de la sociedad, así como la lucha personal por entender y amar uno mismo, son pasos cruciales en el camino hacia la plenitud y la felicidad para las personas LGBT."
ES184,," Highlighting the negative impact of hate speech on all individuals, including women, and emphasizing the importance of treating others with respect and kindness. "
ES193,," La orientación sexual no es un factor que determine la capacidad de amar o ser amado, y todos los seres humanos tienen el derecho a ser tratados con respeto y dignidad, independientemente de su orientación sexual o identidad de género. Es importante reconocer y respetar la diversidad sexual y de género, y promover una cultura de inclusión y aceptación hacia todas las personas. La educación es clave para lograr esto, y es fundamental enseñar a los niños sobre la importancia de la diversidad y la inclusidad, y promover una cultura de respeto y aceptación hacia todas las personas. reaprende  "
ES213,," The idea that ""feministas"" are oppressive is a misrepresentation of the core values of feminism. In reality, feminism is about promoting gender equality and challenging societal norms that perpetuate discrimination and inequality. By recognizing the various forms of feminism, including queer feminism, Black feminism, and traditional feminism, we can better understand the complexities of gender and work towards creating a more just and equitable world. "
ES229,," El feminismo no es solo una lucha por los derechos de las mujeres, sino un movimiento que busca lograr la igualdad y justicia en todas las esferas de la vida, desde la educación y el trabajo hasta la política y la sociedad. A lo largo de la historia, las mujeres han luchado y continuamos luchando por tener voz en nuestros gobiernos, acceso a la educación y oportunidades laborales, y libertades sociales y sexuales. El feminismo no es una dictadura, sino un movimiento que busca empoderar a todas las mujeres y eliminar las barreras que nos impiden alcanzar nuestro potencial. Las críticas ahistóricas y simplistas, como las presentes en ""Mujeres contra el Feminismo"", no solo ignoran la realidad y los logros de las feministas sino que también restringen y perpetúan la opresión de las mujeres. La igualdad de género es un derecho fundamental y un proceso que requiere el compromiso y la colaboración de todos. diversos."
ES236,," Women are not objects to be dominated by men; they are strong, capable individuals with inherent dignity and rights. The situation of abused women is further complicated by the forced submission imposed by some religious leaders, which can prioritize race and white supremacy over women's rights, leading to disproportionate impacts on immigrant women, women of color, lesbian women, trans women, women seeking abortions, women seeking asylum, and women seeking protection from men. We must work to dismantle these oppressive systems and support all women equally.    "
ES242,," La idea de que las mujeres son solo útiles como esclavas sexuales es profundamente dañina y sexista, ya que ignora su valor como seres humanos con habilidades, sentimientos y derechos, y su capacidad para contribuir significativamente en diversas áreas, incluyendo el trabajo y la sociedad.  "
ES245,," To address the way faith interprets gender equality and women's empowerment, it is crucial to recognize that this is not about men saving women or portraying them as helpless. As society progresses, we tend to assume that gender equality increases, but the gaps in money, time, respect, and resources between men and women remain static or widen. To combat this, the United Nations has established a new working group to eliminate discrimination in law and practice, as well as a goal to eliminate discriminatory laws in the Sustainable Development Goals. This effort aims to ensure that countries fulfill their international obligations to end discrimination against women, ultimately driving meaningful change.  "
ES247,," Las declaraciones de odio y discriminación hacia las mujeres no serán toleradas. Como seres humanos, ambos géneros merecen igualdad, dignidad y respeto en el lugar de trabajo y en la sociedad. La defensa de los derechos de las mujeres es fundamental para una sociedad justa y equitativa. Además, organizaciones y movimientos sociales están trabajando para promover la igualdad y luchar contra la discriminación. En la sociedad, la interacción y el intercambio entre hombres y mujeres son esenciales para el progreso y la convivencia pacífica. No hay lugar para la discriminación ni la exclusión en nuestra sociedad, y todos los seres humanos merecen ser tratados con dignidad y respeto.  destacando "
ES249,," La igualdad de género no se logra con la limitación de las mujeres a roles tradicionales, sino que requiere reconocer y valorar su capacidad para trabajar y contribuir en la sociedad. In the past, women who worked full-time made only 59 cents for every dollar earned by men in similar positions. Today, approximately 60% of women report that remote work enables them to spend more time with their families.  en"
ES260,," Las mujeres no deben ser juzgadas por sus elecciones sexuales, sino que deben ser respetadas y apoyadas en sus decisiones sobre su propio cuerpo y bienestar. Además, es importante considerar las múltiples facetas que pueden influir en la salud y el bienestar de ambos géneros, incluyendo factores médicos, psicológicos y socioculturales. También es relevante destacar que las mujeres suelen ser objeto de vigilancia y control, especialmente en contextos religiosos o sociales conservadores, lo que puede afectar negativamente su capacidad para tomar decisiones autónomas. Finalmente, es importante recordar que la sexualidad es una realidad compleja y diversa, y que las personas pueden experimentar atracción por personas del mismo género, del género opuesto o de género no binario, y que esto no debe ser juzgado ni estigmatizado.    "
ES263,," The belief that gender determines human worth is not only inaccurate but also perpetuates harmful and discriminatory attitudes. It is vital to recognize that gender-based discrimination, whether explicit or implicit, has a profound impact on women and those associated with them. Women, regardless of their social status, privilege, or background, deserve equal opportunities and rights. As Sergeant First Class eloquently stated, ""Out here, there is no male or female gender, only human beings."" Our collective responsibility is to ensure that everyone can reach their full potential without being limited by gender biases or stereotypes. Furthermore, it is essential to be aware of the subtle and often hidden forms of gender-based discrimination, which can be particularly insidious and harmful, and work towards creating a society that values and respects the inherent worth and dignity of all individuals, regardless of gender."
ES265,," Feminism is often misunderstood as a destructive ideology that oppresses women and harms the environment, but in reality, it is a movement that advocates for equality, justice, and human rights for all individuals, regardless of gender. The vast majority of people (94%) support the core principles of feminism, which are founded on the belief that every individual should be treated with dignity and respect. Moreover, numerous studies have demonstrated that feminism has had a profoundly positive impact on the lives of many women, leading to considerable advancements in education, healthcare, and economic opportunities.  "
ES269,," La idea de que las mujeres no pueden hacer nada y solo necesitan protección es un mito injusto y peligroso. Los defensores de las víctimas de violencia contra las mujeres subrayan la importancia de considerar los factores culturales y sociales que contribuyen a esta violencia. La Ley de Violencia contra la Mujer (VAWA) es un paso crucial para proteger a las mujeres y prevenir la violencia. La violencia contra las mujeres es un problema global que afecta a mujeres de todas las culturas y estratos socioeconómicos. La buena noticia es que la violencia contra las mujeres y las niñas puede prevenirse con educación, conciencia y apoyo mutuo. La ley federal protege a las mujeres que son víctimas de violencia doméstica, abusos y otros delitos."
ES270,," La violencia contra las mujeres es un problema multifacético y profundamente arraigado en nuestra sociedad, que requiere una solución integral y coordinada por parte de todos los sectores, incluyendo gobierno, educación, salud, justicia y medios de comunicación. Aunque las campañas en redes sociales han sido una herramienta valiosa para crear conciencia sobre esta cuestión, es necesario abordar las causas fundamentales de la violencia contra las mujeres, como la desigualdad de género, la falta de educación sobre la igualdad, y la cultura de la violencia. Además, es crucial garantizar que todas las mujeres y niñas tengan acceso a la justicia y la igualdad, y que se les brinde el apoyo y la protección necesarios. Es importante recordar que la violencia contra las mujeres no es un problema exclusivo de ninguna cultura o país, y que todos debemos trabajar juntos para promover la igualdad y la justicia para todas las personas. Esperamos que más personas se unan a esta lucha y que juntos podamos crear un mundo más justo y equitativo para todos. "
ES271,," Las mujeres no son un problema, sino una fuerza motriz para el cambio y la transformación social. Es fundamental que nos unamos para crear un mundo más equitativo y respetuoso, y para lograr esto, es necesario abordar la brecha salarial y otros obstáculos que las mujeres enfrentan, como la falta de acceso a la educación y la salud, que pueden tener un impacto significativo en la economía y en la calidad de vida de las mujeres, según la Organización Internacional del Trabajo.   "
ES272,," Despite progress in narrowing the income gap between white women and white men, women of color remain disproportionately affected, with African American and Hispanic women earning only 64% and 53% of what white men make, underscoring the importance of intersectional feminism that addresses the unique challenges faced by marginalized communities and promotes greater inclusivity and equality. "
ES274,," Estoy harta de que las mujeres se quejen de que los hombres son una amenaza para las mujeres para luego hacer la vista gorda ante las mujeres que amenazan a los hombres. Misogyny and indifference continue to pose significant obstacles for women worldwide, as these values are often internalized and perpetuated by both women and men. To address this issue, it is crucial to promote gender equality and recognize the role that all individuals, regardless of gender, play in reinforcing or challenging these beliefs. By challenging the notion that women are solely responsible for addressing misogyny and promoting gender equality, we can begin to dismantle the systems that perpetuate misogyny and indifference. This effort requires ongoing education, awareness, and action from all members of society, with a focus on promoting gender equality and challenging the internalization of these harmful beliefs. la"
ES287,," Las mujeres son seres humanos que merecen ser tratadas con respeto y dignidad, y no como objetos para ser conquistados o violados. Sin embargo, muchos hombres han internalizado la idea de que las mujeres son inferiores y deben ser sometidas. Esto se refleja en la violencia y la opresión que las mujeres enfrentan en Internet y en la sociedad en general. Es importante reconocer que la igualdad y la justicia deben ser fundamentales en nuestras relaciones y que la violencia y la opresión no pueden ser justificadas bajo ninguna circunstancia. "
ES290,," Emphasize the importance and benefits of gender equality for social justice, stability, and security, strengthening the relevance and impact of the message. "
ES291,," The Bible verse Timoteo 2:11-12 encourages wives to submit to their husbands, similar to how they would submit to God. While the New Testament offers various interpretations, it's evident that a successful marriage thrives on mutual respect and love. As a Canarian, I value, this message is vital to fostering healthy relationships in our community. "
ES292,," Todos los hombres no son violadores ni acosadores sexuales, y es importante reconocer y condenar abusos de poder y violencia sexual en todas sus formas. La National Center for Higher Education Risk Management destaca la importancia de implementar políticas efectivas para prevenir y responder a agresiones sexuales. Es crucial que nos esforcemos por crear un entorno seguro y respetuoso para todas las personas, especialmente las mujeres y las minorías, que han sido históricamente marginadas y objeto de discriminación y violencia. Si queremos cambiar la cultura de agresión sexual, debemos ser conscientes de nuestros propios roles y responsabilidades en ella y trabajar juntos para crear un cambio positivo. "
ES302,," {Las mujeres tienen el derecho de trabajar y no debería limitarse su participación en la fuerza laboral solo porque algunos creen que es una mala influencia. Trabajar proporciona independencia económica, desarrollo personal y una mayor igualdad de género.} "
ES304,," Las mujeres no deben ser confinadas a la cocina. Históricamente, la cocina ha sido un espacio de opresión para las mujeres negras, que han sido forzadas a asumir roles de cuidado y alimentación en la casa. Es crucial reconocer que esta situación es un reflejo de la desigualdad de género y que las mujeres poseen intereses y habilidades mucho más amplios y variados, que van más allá de la cocina y el entretenimiento. Además, es fundamental abordar esta desigualdad de manera sistemática en todos los ámbitos de la vida, tanto personal como laboral, para garantizar la igualdad de oportunidades y el respeto a la diversidad de las mujeres. su"
ES306,," In order to effectively combat the hate speech that dehumanizes women and advocates for their subjugation, it's essential to recognize that simply fighting for women's rights is not enough. This counter-narrative highlights the importance of addressing the root cause of the issue, which is the lack of respect for women. This requires a multi-faceted approach that addresses the underlying societal norms, values, and beliefs that perpetuate gender inequality and promote respect and dignity for all women, both internally and externally. instó. This demands a fundamental shift in societal attitudes, where women are seen as equals, and their rights are protected and promoted through education, advocacy, and community engagement."
ES336,," Al comprender que nuestras acciones tienen consecuencias en la vida de los demás, podemos trabajar juntos para crear un mundo más solidario y equitativo, donde todos puedan prosperar y alcanzar su máximo potencial. a siempre"
ES345,," El feminismo es una ideología política que busca la igualdad de derechos y oportunidades para las mujeres, y por extensión, para todas las personas. Aunque a menudo se percibe como una postura política, su verdadero objetivo es impulsar cambios estructurales para erradicar la discriminación de género y construir una sociedad más justa y equitativa para todas las personas."
ES349,," La igualdad de género es fundamental para construir una sociedad justa y equitativa. Los políticos deben escuchar y abordar las desigualdades que enfrentan las mujeres, como el salarios injustos y la discriminación. Por ejemplo, las mujeres de color ganan solo 64 centavos por cada dólar que ganan los hombres, lo que revela la persistencia de la discriminación. Además, las mujeres han demostrado ser líderes comprometidas y responsables, como en la reunión donde compraron entradas y se quedaron por más tiempo. En lugar de ignorar sus necesidades, los políticos deben trabajar en crear un entorno propicio para el desarrollo de habilidades y talentos de las mujeres sin obstáculos. "
ES351,," Las mujeres son seres humanos con la misma dignidad y derechos que los hombres, incluyendo el derecho a la seguridad, la libertad y la igualdad de oportunidades. Defendemos la igualdad de derechos y oportunidades para todos, sin distinción de género. Para lograr este objetivo, me uno a Breakthrough, una organización de derechos humanos, en su campaña ""Un millón de hombres"" que busca transformar las actitudes y comportamientos hacia las mujeres. La orden Drukpa, con 800 años de antigüedad, también respalda el trato igualitario y respetuoso hacia las mujeres. ¿Por qué se justifica que las mujeres ganen menos que los hombres? No hay justificación para esta desigualdad y debemos trabajar juntos para erradicarla. "
ES354,," Las mujeres no necesitan a los hombres para lograr algo en sus vidas, ya que son individuos capaces y fuertes que pueden alcanzar el éxito en diversas áreas, incluyendo finanzas y negocios, y merecen ser tratadas con respeto y dignidad, y tener acceso a oportunidades iguales y un salario justo en el trabajo, y ser valoradas como seres humanos con derechos y dignidad.   urrutia"
ES359,," El feminismo es un movimiento que lucha contra la discriminación de género en múltiples frentes, permitiendo a las mujeres acceder a igualdad de derechos y oportunidades laborales. Aunque es importante destacar las figuras públicas que lideran el movimiento, no debemos perder de vista el trabajo fundamental que se realiza en la base del movimiento. La visión reduccionista de ""Mujeres contra el feminismo"" distorsiona la verdad histórica y las necesidades de las mujeres en la actualidad, y el feminismo de elección es una representación mediática sesgada que no aborda la verdadera esencia del empoderamiento femenino. Aunque es un punto de partida, no es la totalidad del movimiento. En lugar de eso, debemos enfocarnos en la lucha real y efectiva contra la discriminación y el sexismo, y trabajar para crear un entorno en el que las mujeres puedan desarrollar sus habilidades y alcanzar su potencial."
ES371,," Focusing on the deportation of Black people is not a viable solution. We need to support the autonomy and critical thinking within the Black community. The mistrust of the police, particularly among young Black individuals, is a result of their encounters with unfair treatment and discrimination. By using derogatory language about the Black community, we are only deepening mistrust and fostering division. The ongoing conflict between the Black community and the police has not seen improvement, and many young Black people report feeling endangered and harassed by police presence in their communities."
ES379,," Los inmigrantes blancos son bienvenidos.. It is crucial to challenge hate speech with a counter-narrative that acknowledges the beauty of diversity and promotes unity. The Group is a testament to this vision, comprising individuals from 180 countries, representing a kaleidoscope of cultures, faiths, and experiences. Despite their differences, they are bound together by a shared quest for belonging and acceptance in a global society. The Group's inclusive environment transcends political ideologies, fostering a sense of community and understanding that celebrates our common humanity. By embracing diversity, the Group demonstrates the power of tolerance and acceptance in a world where differences are a strength, not a weakness. aparentemente"
ES384,," La alarmante cifra de 8,8 millones de niños menores de cinco años que murieron el año pasado, principalmente en África y Asia, es un recordatorio claro de la importancia de apoyar a organizaciones como la Fundación AMAR, que trabajan incansablemente para garantizar que los niños tengan acceso a alimentos, agua y refugio, y de proporcionar ayuda a las familias que se ven obligadas a huir de sus comunidades en busca de estos recursos básicos. "
ES395,," The idea that black people are a disease is a harmful and racist stereotype that has no place in our society; instead, we should focus on building a culture of empathy, understanding, and mutual respect, where everyone can grow and succeed.  turrón"
ES396,," The notion of equality is often misunderstood, as some people struggle to accept that everyone has unique strengths and weaknesses. While we've made significant progress in achieving equality in various aspects, such as income, marriage, and gender, there is still a long way to go. Education plays a crucial role in bridging the gap, as it not only provides access to knowledge but also shapes our perspectives and understanding of the world. Ultimately, true equality can only be achieved when we recognize and respect the inherent value and dignity of every individual, regardless of their background, gender, or sexual orientation. "
ES404,," The recognition of Africans' significant genetic contributions is vital, yet their genomes remain underrepresented in scientific research. This research disparity has fueled the dangerous and false belief that enslaved Africans were subhuman and incapable of feeling pain. Fortunately, the recent sequencing of complete genomes from five southern Africans has nearly doubled the number of published human DNA sequences. These genomes reveal that African populations exhibit the greatest genetic variation of any human group, making them an essential resource for understanding human genetic heritage and evolution. "
ES406,," It's heartbreaking to see the world become increasingly violent, with a lack of respect and a growing sense of desperation among the less fortunate, particularly in low-income black communities. However, instead of viewing this as a problem that needs to be solved, we should recognize that it is a symptom of a deeper issue - the failure of our society to address the lingering effects of its troubled past, which has led to widespread inequality and a host of social problems, including high crime rates and teenage pregnancies, as Richard Wilkinson and Kate Pickett argue in their book ""The Spirit Level."
ES410,," Este incidente no debe quedar impune. La justicia debe escuchar la verdad: los negros no son la causa de la delincuencia y no debemos apartarlos. En su ropa de trabajo, debemos abordar las raíces de la violencia y la discriminación que perpetúan la desigualdad. La justicia social es fundamental para construir una sociedad más justa y equitativa, y todos los estadounidenses deben trabajar juntos para promoverla."
ES419,," The widespread perception of black people as inherently dangerous and aggressive is not a reflection of their personal traits or behaviors, but rather a symptom of the deeply ingrained systemic and structural issues that have long plagued our society. These issues include poverty, segregation, and institutionalized racism, which disproportionately affect black individuals and contribute to their overrepresentation in violent crime statistics. By recognizing and addressing these root causes, we can work towards building a more just and equitable society that values the inherent worth and dignity of all individuals, regardless of race or ethnicity.  "
ES423,," The idea that black people are somehow genetically predisposed to criminal behavior is a false and damaging narrative. In reality, the criminal justice system in our country is rife with systemic inequalities that disproportionately affecting black men. For example, black men are incarcerated at a rate 13 times higher than white men for drug-related charges, despite similar rates of drug use. This disparity is further exacerbated by the lack of accountability for police officers who use excessive force against black men, as seen in West Virginia. Moreover, the wealthy have manipulated these tensions to distract working-class people from recognizing their shared struggles with other marginalized groups. This is a nationwide issue that requires a comprehensive approach to address the systemic inequalities that perpetuate these disparities.  "
ES424,," Es fundamental que reconozcamos que la raza no determina el comportamiento criminal y que debemos enfocarnos en abordar las causas profundas de la delincuencia, como la pobreza, la falta de educación y la discriminación, para crear un sistema de justicia más justo y equitativo. Al hacerlo, podemos trabajar hacia una sociedad más inclusiva y respetuosa de todos los individuos, independientemente de su raza o antecedentes. gambero"
ES430,, We adhere to the belief that all individuals have been created equal in the eyes of God and our government. [EOS]
ES434,," El aspecto de los negros no puede ser reducido a una caracterización simplista, ya que su naturaleza es compleja y multifacética. En lugar, es importante reconocer que la historia de la violencia y la discriminación racial en Estados Unidos ha dado lugar a estereotipos y prejuicios que deben ser desafiados y superados. Por ejemplo, los 3,318 linchamientos de personas negras entre 1882 y 1931 son un recordatorio de la violencia racializada que se ha utilizado para mantener el control social y reforzar las desigualdades sistémicas. Además, la oposición de algunos individuos blancos al uso de ciertas palabras dentro de la comunidad negra puede ser vista como una forma de apropiación cultural, donde intentan dictar cómo las personas negras deben expresarse y experimentar su propia cultura. Esto refuerza la necesidad de desafiar estos estereotipos y promover una mayor comprensión y empatía entre grupos raciales y étnicos diferentes."
ES444,," Todos los seres humanos, sin importar su raza, tienen el derecho inalienable a ser tratados con dignidad y respeto. La discriminación y el odio basados en la apariencia física o la identidad étnica son inaceptables y contravienen los valores fundamentales de nuestra sociedad. Debemos abogar por un mundo donde cada individuo sea juzgado por su carácter y acciones, no por el color de su piel. La afirmación original promueve un mensaje de odio y estereotipo, mientras que esta versión busca promover la igualdad, el respeto y la convivencia pacífica entre todas las personas. oficiados repetidos"
ES449,," People of color have a fundamental right to well-being, which must be safeguarded and encouraged in our society. Ensuring safe spaces and fostering mutual support among people of color is vital in combating prejudice and marginalization. It is crucial that people of color have access to resources and support to promote their well-being and safety. If you need assistance or resources for people of color, you can contact the Diversity and Inclusion Office and follow up. Furthermore, organizations such as Planned Parenthood Mar Monte and others can offer support and resources to promote fairness and justice in our society. "
ES463,," Migrant workers, whether qualified or not, are an integral part of the economy and have proven to be a valuable asset to host societies. They contribute to the workforce in various industries, including technology and healthcare, as seen in New Zealand where many immigrants have found employment opportunities. Despite the high unemployment rate of 4.6% reported by the Dominion Post, the positive impact of immigrants on the economy is not limited to those with highly specialized skills. In South Sudan, for instance, the formation of a successful football team was made possible through the collaboration of immigrants and locals. Moreover, blocking the extension of unemployment benefits could lead to a significant drop in the unemployment rate as many workers would find jobs and no longer be considered unemployed. It is crucial to recognize that immigrants can be a valuable asset to the economy and society, contributing beyond specialized fields. Their diverse skills and experiences bring innovation and growth to the host country, benefiting both the economy and the community at large."
ES475,," Los refugiados son seres humanos que han sido obligados a huir de sus hogares debido a la guerra, persecución o desastres naturales. En lugar de verlos como una carga, podemos verlos como una oportunidad para construir una sociedad más inclusiva y solidaria, ofreciéndoles apoyo y recursos para que puedan reconstruir sus vidas y encontrar su lugar en nuestra comunidad.   portero"
ES493,," The American Dream is a universal aspiration, not a privilege reserved for the native-born. Immigrants contribute significantly to our society through their dedication to education, hard work, and community service, proving that the dream is attainable for all, and any attempts to ridicule their efforts are misguided. "
ES499,," As a nation built by immigrants, it is essential to recognize that immigrants tend to be more entrepreneurial than natives, and their contributions to our economy and society are invaluable. Moreover, even the most ardent critics of immigration acknowledge that immigrants come to work, and their labor is crucial to our economic growth. Furthermore, the support for immigration and immigrants has consistently increased among Democrats of all ethnicities and races, demonstrating a growing understanding of the importance of inclusivity and diversity. By acknowledging these facts and promoting a more nuanced understanding of our immigration system, we can work towards a more inclusive and equitable society. "
ES500,," The statement that migration is a problem because it replaces people born in the country is a misconception. In reality, migration is a response to various factors, including poverty, war, and environmental disasters. Moreover, immigration can have numerous benefits, such as contributing to the economy and enriching the cultural landscape. However, it is crucial to acknowledge that immigrants often face numerous challenges, including language barriers, cultural adjustments, and social exclusion. Furthermore, the majority of immigrants are not refugees, but rather individuals seeking a better life for themselves and their families."
ES509,," La realidad es que los inmigrantes no vienen aquí para hacer daño, sino para construir un futuro mejor para sí mismos y sus familias. Adopting measures to promote fair labor practices, provide access to education and healthcare, and address the root causes of poverty and inequality is key to building a more inclusive and equitable society.  llena"
ES511,," Los inmigrantes no son una amenaza para nuestro país, sino una oportunidad para crecer y prosperar juntos. La ciudadanía puede ampliar el abanico de empleos y oportunidades disponibles para estos trabajadores, lo que beneficiaría a todos, incluyendo a los inmigrantes, a los empresarios y a los trabajadores estadounidenses. Además, muchos inmigrantes son personas con valores y principios similares a los nuestros, y entre ellos se encuentran los que contribuyen positivamente a nuestra sociedad. Según las encuestas del PRRI, la mayoría de los estadounidenses creen que los inmigrantes son beneficiosos para el país. En lugar de prometer limpiar el país de inmigrantes ilegales, podemos trabajar juntos para crear un sistema de inmigración justo y humano que permita a todos contribuir y prosperar.  "
ES513,," Contrary to the false claim that immigrants in the UK do not pay taxes and receive public services, a recent study has revealed that EU immigrants actually contribute more in taxes than they receive in benefits. In fact, the Labour government has proposed doing away with income tax altogether, recognizing that investing in public services is a more effective way to address any issues that may arise. It is essential that we hold politicians responsible for any problems with public services, rather than unfairly blaming immigrants who have already demonstrated their worth to our community. "
ES518,," Migrants and refugees are not inherently violent or dangerous, but rather vulnerable individuals fleeing violence and persecution in their home countries, seeking refuge and safety in Europe, and deserving of a comprehensive and compassionate strategy to manage their influx and address their needs.   "
ES519,," Los inmigrantes no están robando el trabajo; están fomentando la economía al aumentar la demanda, creando empleos en el sector de servicios que están reemplazando los trabajos industriales en declive, lo que a su vez conduce a más oportunidades laborales para todos. "
ES520,," La Unión Europea establece que las solicitudes de asilo deben ser procesadas por el primer país europeo al que llegan los inmigrantes. Sin embargo, Alemania ha demostrado que los extranjeros pueden aportar beneficios netos a su economía a lo largo de su historia, y las empresas alemanas reconocen cada vez más el potencial de los inmigrantes para contribuir al crecimiento económico del país a través de su trabajo. Además, el alcalde de Lünen, Abdullah, ha declarado que, aunque la ciudad está dispuesta a ayudar a los inmigrantes, no puede asumir la responsabilidad por sí sola, y es crucial que la población comprenda que contamos con fronteras seguras."
ES526,," En lugar de odiar a los inmigrantes, debemos reconocer las contribuciones significativas que hacen a nuestra economía, nuestra cultura y nuestra sociedad en general. "
ES527,," Aunque algunos políticos afirman que los inmigrantes son el problema para nuestros países, es importante reconocer su contribución económica y cultural. Por ejemplo, en Alemania, donde hay bajas tasas de natalidad y una población envejecida, los inmigrantes juegan un papel vital en el desarrollo y crecimiento. Además, es relevante mencionar que Oceanía, América del Norte y Europa tienen altos niveles de inmigración, y Estados Unidos es el principal destino para los inmigrantes del mundo, con el 19% de la población inmigrante global. Es fundamental abordar las preocupaciones legítimas sobre el ""turismo de beneficios"" sin generalizar y estigmatizar a todos los inmigrantes. "
ES528,," In a world where transnationalism is becoming increasingly common, refugees and global workforce integration are not inherently incompatible. In fact, this can lead to greater sustainability, as refugees are able to return home and contribute to post-conflict society reconstruction. "
ES531,," The perception of immigrants as ""violent"" is an unfair and simplistic view that fails to acknowledge the complexities of their circumstances. Many immigrants are escaping violence and poverty, looking for a safer and more prosperous life. Addressing the refugee crisis requires a compassionate and sustainable approach, drawing on the lessons of the Holocaust.  "
ES534,," Un inmigrante que haya residido en el país durante cinco años puede convertirse en ciudadano, incluso si no posee un permiso de residencia válido o si se encuentra bajo cargos penales. De esta manera se destruye el Estado del bienestar. Válido  "
ES535,," La idea de que todos los inmigrantes son delincuentes y terroristas es una percepción errónea y dañina. En realidad, la mayoría de los inmigrantes son personas que buscan una vida mejor para sí mismos y sus familias, y contribuyen de manera significativa a nuestra sociedad.   aunar"
ES560,," While it is true that some individuals prioritize the education of their own children, it is actually the U.S.-born children of immigrants who require our focus. As demonstrated by the fact that successive generations of immigrant children are receiving better educations and achieving greater financial success than their parents, it is clear that these children are integral to our society's future. As the job market becomes increasingly competitive, it is crucial that we ensure that these children have access to the education and opportunities they need to succeed.  "
ES563,," Los migrantes son seres humanos que merecen respeto y dignidad, y su aislamiento es una grave injusticia que debe ser abordada urgentemente. Es fundamental que México revise su política migratoria, que es más restrictiva y represiva que la de Estados Unidos, y que garantice el respeto a los derechos humanos de los migrantes. La destrucción de barcos de migrantes no resuelve la compleja situación que enfrentan, incluyendo condiciones laborales infrahumanas y la falta de acceso a servicios de salud básicos, por lo que se deben abordar estas cuestiones de manera integral. Además, es esencial investigar las condiciones en los centros de detención y asegurar que los migrantes puedan solicitar asilo de acuerdo con las leyes internacionales y mexicanas de derechos humanos. "
ES567,," According to U.S. health policy, all immigrants are required to undergo health assessments and receive necessary treatments for any communicable diseases before entering the country, as enforced by the Department of Homeland Security for diseases of public health significance. Despite this, the American healthcare system still faces challenges in disease prevention, as highlighted by epidemiologist David Rehkopf. For instance, diseases such as Chagas, which are prevalent in rural areas of Latin America, affect approximately 300,000 people in the United States, emphasizing the need for enhanced prevention measures and funding for neglected diseases. "
ES571,," La afirmación ""no son bienvenidos"" no refleja la verdad. La iglesia es un lugar de acogida y amor, y muchos creyentes trabajan arduamente para recibir y apoyar a los migrantes. La Diócesis de El Paso, por ejemplo, ha brindado refugio a más de 300 personas. El Papa Francisco ha sido un defensor valiente de los derechos de los migrantes y ha instado a proporcionarles ayuda y compasión. Un corazón misericordioso es capaz de compartir su pan con los hambrientos y dar cobijo a los refugiados y migrantes, siguiendo el ejemplo de Jesús que enseñó la importancia de la hospitalidad y la solidaridad. "
ES584,," El mundo sería un lugar mejor si las fronteras fueran abiertas, ya que esto permitiría un flujo de personas y bienes más libre y seguro, lo que impulsaría el crecimiento económico y mejoraría las condiciones de vida de millones de personas. Adicionalmente, esta libertad de movimiento fomentaría el retorno de los inmigrantes a sus países de origen, lo que tendría un impacto positivo en la economía y la sociedad local. Además, las fronteras abiertas promoverían la innovación, la seguridad y el bienestar, y podrían ser combinadas con medidas como una renta básica universal y una semana laboral reducida para crear una sociedad más próspera y justa.      "
ES596,," Contrary to the misconception that immigration is detrimental to Europe, the truth is that the economy has undergone significant changes, and stagnant wages are not due to immigrants stealing jobs. Instead, the labor market has evolved, leading to new challenges and opportunities for workers across the continent. "
